Contribution: Tue Jan 27 14:00:48 UTC 2026
Contribution: Tue Jan 27 19:17:37 UTC 2026
Contribution: Wed Jan 28 04:11:41 UTC 2026
Contribution: Wed Jan 28 07:03:56 UTC 2026
Contribution: Wed Jan 28 14:00:15 UTC 2026
Contribution: Wed Jan 28 19:05:00 UTC 2026
Contribution: Thu Jan 29 04:54:54 UTC 2026
Contribution: Thu Jan 29 07:57:02 UTC 2026
Contribution: Thu Jan 29 14:25:45 UTC 2026
Contribution: Thu Jan 29 19:44:04 UTC 2026
Contribution: Fri Jan 30 04:59:31 UTC 2026
Contribution: Fri Jan 30 07:55:56 UTC 2026
Contribution: Fri Jan 30 14:07:29 UTC 2026
Contribution: Fri Jan 30 19:47:28 UTC 2026
Contribution: Sat Jan 31 04:49:36 UTC 2026
Contribution: Sat Jan 31 07:40:33 UTC 2026
Contribution: Sat Jan 31 13:53:37 UTC 2026
Contribution: Sat Jan 31 19:00:55 UTC 2026
